"Time (s)","Linear Acceleration x (m/s^2)","Linear Acceleration y (m/s^2)","Linear Acceleration z (m/s^2)","Absolute acceleration (m/s^2)"
4.897616667E-2,-6.950716808E-2,1.154608744E-1,7.801881373E-2,1.557221732E-1
5.902316669E-2,-1.957706273E-2,1.002575290E-1,1.063655305E-1,1.474735895E-1
6.906916667E-2,-1.726785108E-2,5.796695709E-2,2.095396507E-1,2.180945025E-1
7.911616669E-2,-1.401387557E-2,6.051283479E-2,2.566079825E-1,2.640186519E-1
8.916216667E-2,1.348850325E-2,1.882803440E-2,2.577230465E-1,2.587616728E-1
9.920916668E-2,-7.146963984E-2,-6.262367964E-3,3.125529724E-1,3.206812861E-1
1.092551667E-1,-1.785124241E-1,2.527166605E-3,3.641792089E-1,4.055854636E-1
1.193021667E-1,-1.502556083E-1,-4.916338921E-2,3.544289768E-1,3.880897915E-1
1.293481667E-1,-3.823245808E-2,-9.866240859E-2,1.857309580E-1,2.137568256E-1
1.393951667E-1,-5.318627357E-3,-7.909177780E-2,1.156696200E-1,1.402257398E-1
1.494411667E-1,2.088274598E-2,2.023721337E-3,6.320255399E-3,2.191187249E-2
1.594882500E-1,-1.823132604E-2,4.740220785E-2,4.025223255E-2,6.480426517E-2
1.695342500E-1,-6.208047330E-2,-2.625399828E-2,1.378539562E-2,6.879894421E-2
1.795812500E-1,-4.817184761E-2,5.347746491E-2,-3.385596335E-2,7.953987937E-2
1.896272500E-1,-1.386370446E-1,1.838662809E-1,5.704017341E-2,2.372353700E-1
1.996742500E-1,-2.074937099E-1,3.252145332E-1,1.253958786E-1,4.056380882E-1
2.097202500E-1,-5.715150440E-1,4.033643246E-1,2.549929816E-1,7.445492895E-1
2.197672500E-1,-7.720121218E-1,5.038025326E-1,2.292102689E-1,9.499247630E-1
2.298132500E-1,-7.878168534E-1,5.482144743E-1,1.644067472E-1,9.737679820E-1
2.398602500E-1,-7.226299006E-1,4.982973790E-1,5.505855203E-2,8.795030957E-1
2.499062500E-1,-7.045409542E-1,5.955207878E-1,5.361370504E-2,9.240656872E-1
2.599532500E-1,-8.155933204E-1,5.262716281E-1,7.040223062E-2,9.731961596E-1
2.699992500E-1,-5.540638827E-1,5.533664560E-1,-9.158143044E-2,7.884087640E-1
2.800462500E-1,-4.271124986E-1,5.374988669E-1,-1.923687172E-1,7.129767470E-1
2.900922500E-1,-4.664087114E-1,3.784107471E-1,-1.200567859E-1,6.124911521E-1
3.001392500E-1,-5.077520344E-1,3.575724399E-1,4.298989892E-2,6.225096863E-1
3.101852500E-1,-3.992348747E-1,3.255788147E-1,2.833812135E-1,5.879582995E-1
3.202322500E-1,-3.746338112E-1,2.047349936E-1,2.650227106E-1,5.024977086E-1
3.302782500E-1,-2.059231478E-1,1.053761816E-1,2.315719593E-1,3.273133892E-1
3.403252500E-1,-1.080604921E-1,-1.672069788E-2,2.165241498E-1,2.425682566E-1
3.503712500E-1,5.595785379E-3,-6.557886243E-2,1.813057852E-1,1.928825750E-1
3.604182500E-1,9.320403278E-2,-6.693775535E-2,1.146791017E-1,1.622311659E-1
3.704642500E-1,8.952788830E-2,-1.268500811E-1,6.582269132E-2,1.686381112E-1
3.805112500E-1,7.973804131E-2,-1.161099154E-1,8.693581760E-2,1.655219141E-1
3.905572500E-1,1.409779043E-1,-1.396812111E-1,8.729659081E-2,2.168093748E-1
4.006042500E-1,2.400821431E-1,-2.367444062E-1,9.281870127E-2,3.497179730E-1
4.106502500E-1,3.244552723E-1,-4.074222922E-1,2.390031856E-1,5.730503212E-1
4.206972500E-1,3.501736656E-1,-5.549563140E-1,4.063317865E-1,7.718183900E-1
4.307432500E-1,2.550830287E-1,-5.964025480E-1,5.664104247E-1,8.611527855E-1
4.407902500E-1,1.336305124E-1,-5.715103662E-1,6.204901528E-1,8.541014239E-1
4.508362500E-1,6.038828909E-2,-3.855425960E-1,6.166438544E-1,7.297530280E-1
4.608832500E-1,1.173129800E-1,-3.137294322E-1,6.213075936E-1,7.058410712E-1
4.709292500E-1,2.586135775E-1,-3.692388046E-1,4.427307039E-1,6.318455139E-1
4.809762500E-1,3.672355485E-1,-3.224090391E-1,2.554268450E-1,5.514094755E-1
4.910222500E-1,3.268397668E-1,-1.817706388E-1,4.839272618E-2,3.771029757E-1
5.010692500E-1,3.248532118E-1,-9.302920103E-3,-1.617971349E-1,3.630350760E-1
5.111152500E-1,3.079222700E-1,6.142733932E-2,-2.724077439E-1,4.156866865E-1
5.211622500E-1,3.074778816E-1,-3.393723965E-3,-2.653296894E-1,4.061453054E-1
5.312082500E-1,2.833964163E-1,-1.012047780E-1,-2.680270100E-1,4.029819027E-1
5.412552500E-1,3.407997384E-1,-2.969800830E-2,-2.758026373E-1,4.394240869E-1
5.513012500E-1,2.341336244E-1,-3.195737243E-2,-2.463151288E-1,3.413370335E-1
5.613482500E-1,1.195015928E-1,-6.317331791E-2,-2.424442720E-1,2.775801215E-1
5.713942500E-1,5.887970746E-2,-7.147344053E-2,-2.811329591E-1,2.959915765E-1
5.814412500E-1,-5.740679383E-2,-8.928172052E-2,-1.537022495E-1,1.867917212E-1
5.914872500E-1,1.137926638E-2,-2.394083977E-1,5.161337256E-2,2.451730181E-1
6.015342500E-1,5.943607002E-2,-1.240252912E-2,1.658159262E-1,1.765825318E-1
6.115802500E-1,-1.163358372E-2,-2.264357650E-1,1.707796276E-2,2.273766759E-1
6.216272500E-1,9.167648423E-2,-1.893404442E-1,-4.198593199E-2,2.145162000E-1
6.316732500E-1,-2.399668068E-2,-3.121886909E-2,-1.310898972E-1,1.368759278E-1
6.417202500E-1,-1.055238238E-1,-1.315196675E-1,-1.054112649E-1,1.988573235E-1
6.517662500E-1,8.738663793E-3,-1.047324032E-1,1.027332401E-1,1.469672043E-1
6.618132500E-1,1.384456944E-1,-1.173419237E-1,1.860513854E-1,2.599066282E-1
6.718592500E-1,2.901993594E-1,-1.610826051E-1,1.378872854E-1,3.594108753E-1
6.819062500E-1,2.825707895E-1,-1.183014518E-1,2.854142904E-2,3.076623112E-1
6.919522500E-1,3.042569429E-1,-4.653214216E-2,-1.309483945E-1,3.344921667E-1
7.019992500E-1,3.584851903E-1,1.117870688E-1,-2.968701553E-1,4.786855644E-1
7.120452500E-1,3.079111968E-1,1.698557675E-1,-3.397004253E-1,4.889342142E-1
7.220922500E-1,2.166030872E-1,8.884551823E-2,-1.606896722E-1,2.839570289E-1
7.321382500E-1,9.817036539E-2,1.244287491E-3,3.054526985E-2,1.028201459E-1
7.421852500E-1,6.797183543E-2,1.185990751E-2,1.794101179E-2,7.129311132E-2
7.522312500E-1,-5.236912519E-2,1.242732131E-1,-7.614010334E-2,1.548666269E-1
7.622782500E-1,-7.660466462E-2,1.448624289E-1,-8.259659886E-2,1.835091172E-1
7.723242500E-1,-1.376826328E-1,1.924172491E-1,-7.981858671E-2,2.497036482E-1
7.823712500E-1,-1.821167574E-1,1.156269354E-1,1.375557482E-2,2.161603973E-1
7.924172500E-1,-2.026270723E-1,2.863615394E-2,6.082507610E-2,2.134887576E-1
8.024642500E-1,-2.271055636E-1,-3.123933434E-2,1.328171647E-1,2.649400541E-1
8.125102500E-1,-9.082655489E-2,1.262238443E-2,8.234399915E-2,1.232449669E-1
8.225572500E-1,-5.841777742E-2,8.699370503E-2,6.403812110E-2,1.228064428E-1
8.326032500E-1,-1.120928782E-1,3.495062059E-1,3.586857498E-1,5.132006122E-1
8.426502500E-1,-1.923417835E-1,-2.108096659E-2,-1.060708308E-1,2.206598966E-1
8.526962500E-1,-1.863837996E-1,-3.342052120E-1,-1.514674437E-1,4.115512495E-1
8.627432500E-1,-2.328960247E-1,-4.490252316E-2,2.087292266E-1,3.159504470E-1
8.727892500E-1,-1.559882185E-1,2.909574509E-3,3.076255238E-1,3.449264455E-1
8.828362500E-1,-1.745110282E-1,-5.157127261E-2,2.187314737E-1,2.845297044E-1
8.928822500E-1,-1.290006870E-1,-5.406101704E-2,2.209042990E-1,2.614621964E-1
9.029292500E-1,-9.151886523E-2,-1.789271379E-1,2.737818396E-1,3.396279127E-1
9.129752500E-1,3.819956750E-2,-1.893310887E-1,3.184463811E-1,3.724427013E-1
9.230222500E-1,5.561491460E-2,-1.144007742E-1,2.233542824E-1,2.570363619E-1
9.330682500E-1,5.718021423E-2,-7.356966734E-3,3.709473610E-2,6.855451338E-2
9.431152500E-1,5.611923695E-2,1.746604246E-1,-1.271903890E-1,2.232331242E-1
9.531612500E-1,-6.489327639E-2,2.210879016E-1,-7.953967452E-2,2.437571689E-1
9.632082500E-1,-2.049402308E-1,1.208824128E-1,1.153170329E-1,2.644070234E-1
9.732542500E-1,-1.961977664E-1,7.600971043E-2,1.383012682E-1,2.517901515E-1
9.833012500E-1,-2.319903275E-1,-3.830218613E-2,3.035640478E-1,3.839761720E-1
9.933472500E-1,-2.294710547E-1,-8.574824810E-2,2.023440671E-1,3.177307799E-1
1.003394250E0,-1.421984375E-1,3.040084362E-2,6.965671062E-2,1.612348109E-1
1.013440250E0,-2.703705740E-1,-5.127891183E-2,-1.197252488E-1,3.001064966E-1
1.023487250E0,-1.502859772E-1,2.380956978E-1,-7.667746246E-2,2.918130729E-1
1.033533250E0,-1.434517881E-1,2.102442402E-1,-7.428185821E-2,2.651393039E-1
1.043580250E0,2.618207753E-2,4.463296652E-2,-1.370879710E-1,1.465288868E-1
1.053626250E0,3.104272537E-1,2.654583281E-1,-1.066742635E-1,4.221523449E-1
1.063673250E0,3.209820627E-1,2.623394233E-1,3.043475747E-3,4.145608765E-1
1.073719250E0,7.090304464E-2,4.549601555E-2,6.975494385E-2,1.093749577E-1
1.083766250E0,2.331314117E-2,-6.849896193E-2,8.321289539E-2,1.102723732E-1
1.093812250E0,2.880893916E-2,-1.070970172E-1,2.400761497E-1,2.644546912E-1
1.103859250E0,-2.808604789E-1,-2.127877790E-1,2.641304255E-1,4.403704453E-1
1.113905250E0,-6.617568773E-1,-4.652360523E-1,-5.100175381E-2,8.105355809E-1
1.123952250E0,6.142149210E-1,7.438453531E-1,1.794299984E-1,9.812038539E-1
1.133998250E0,-2.327589440E-1,4.460519224E-1,-2.485125124E-2,5.037426210E-1
1.144045250E0,-1.434690374E-1,1.497968942E-1,-2.157470548E-1,2.992812488E-1
1.154091250E0,1.435728255E-1,4.058482218E-1,-1.843124235E-1,4.682915809E-1
1.164137000E0,1.369078767E-1,2.905528235E-1,-1.952192348E-1,3.758660129E-1
1.174183000E0,2.351218039E-1,2.123293573E-1,-2.462917399E-1,4.012800017E-1
1.184230000E0,1.780260819E-1,1.005171454E-1,-1.244100380E-1,2.393216244E-1
1.194276000E0,3.742919683E-2,-3.582004309E-3,-2.812276840E-2,4.695386707E-2
1.204323000E0,-1.168966582E-1,-3.720875680E-2,5.964043021E-2,1.364049164E-1
1.214369000E0,-1.960998255E-1,-9.036287069E-3,1.189557552E-1,2.295370727E-1
1.224416000E0,-1.426802480E-1,6.428955138E-2,-2.588913202E-2,1.586223400E-1
1.234462000E0,-3.435239196E-2,1.625888479E-1,-2.090098929E-1,2.670212644E-1
1.244509000E0,5.731148422E-3,1.556207210E-1,-2.071148103E-1,2.591277668E-1
1.254555000E0,-3.850391507E-3,1.412845176E-1,-1.243550742E-1,1.882560090E-1
1.264602000E0,1.222886682E-2,3.031430483E-2,-1.278142869E-2,3.509796547E-2
1.274648000E0,-6.497221380E-2,-5.265593112E-2,1.691593641E-1,1.887032753E-1
1.284695000E0,-4.117810261E-2,-4.043174207E-2,1.725343770E-1,1.819298577E-1
1.294741000E0,-4.029053181E-2,-4.955807626E-2,1.040523720E-1,1.220910561E-1
1.304788000E0,-3.472252071E-2,3.760402858E-2,3.520783961E-2,6.212333201E-2
1.314834000E0,8.230833113E-3,1.466201019E-1,-8.820641756E-2,1.713054961E-1
1.324881000E0,1.138186839E-1,2.016429859E-1,-1.915892833E-1,3.005345905E-1
1.334927000E0,9.028217912E-2,2.628229880E-1,-1.201579428E-1,3.027618307E-1
1.344974000E0,3.984058857E-2,2.169743854E-1,-1.869588733E-2,2.213926210E-1
1.355020000E0,-1.328048855E-2,1.661807925E-1,4.691630423E-2,1.731865086E-1
1.365067000E0,-1.572400343E-2,1.653586739E-1,9.623289049E-2,1.919674570E-1
1.375113000E0,-1.454231769E-2,1.791586876E-1,7.503731847E-2,1.947817073E-1
1.385160000E0,-2.681737751E-2,1.445016557E-1,4.261918545E-2,1.530238387E-1
1.395206000E0,-1.825208366E-2,6.822238863E-2,7.446429133E-2,1.026273041E-1
1.405253000E0,-6.650915444E-3,2.870398164E-3,6.385978103E-2,6.426932001E-2
1.415299000E0,4.464583039E-2,-1.058521450E-2,1.864969432E-2,4.952886063E-2
1.425345000E0,7.502591640E-2,-2.323332667E-2,-1.919640899E-2,8.085281515E-2
1.435392000E0,2.365286440E-2,4.977383852E-2,-7.135941982E-3,5.556810833E-2
1.445438000E0,1.487096775E-2,3.826125562E-2,-4.366408288E-2,5.993013848E-2
1.455485000E0,3.802188523E-3,4.608132184E-2,-3.287830889E-2,5.673559778E-2
1.465532000E0,-4.247267615E-2,4.412893653E-3,3.103643596E-2,5.278884548E-2
1.475578000E0,-3.411674917E-2,-2.436300874E-2,8.963313818E-2,9.895255544E-2
1.485625000E0,-3.270577949E-2,-2.203581691E-2,1.042008913E-1,1.114139622E-1
1.495671000E0,-2.152272373E-2,1.760596633E-2,7.463386059E-2,7.964553241E-2
1.505718000E0,-4.007414829E-2,1.147633016E-2,5.003170073E-2,6.512153709E-2
1.515764000E0,-3.159542978E-2,-1.370353460E-2,5.518368244E-2,6.504841928E-2
1.525810000E0,-2.656010002E-2,-2.680948377E-3,9.982541978E-2,1.033331546E-1
1.535857000E0,-2.423053276E-2,4.635263264E-2,1.225371748E-1,1.332330458E-1
1.545903000E0,-3.651206106E-2,6.527597666E-2,8.635635853E-2,1.142431809E-1
1.555950000E0,3.500406414E-2,5.837509274E-2,1.978054583E-2,7.088163340E-2
1.565996000E0,9.655273318E-2,-1.321470737E-4,-8.457003415E-2,1.283531785E-1
1.576043000E0,7.247740746E-2,-6.281780720E-2,-4.638069928E-2,1.065374148E-1
1.586089000E0,3.792712379E-2,-7.049227774E-2,5.448143184E-2,9.682899543E-2
1.596136000E0,-5.128885210E-3,-4.552408218E-2,7.775919735E-2,9.025098501E-2
1.606182000E0,-9.949037433E-4,-1.081734896E-2,2.941734195E-2,3.135896808E-2
1.616229000E0,1.098867238E-2,4.216427207E-2,-3.843024015E-2,5.809871012E-2
1.626275000E0,7.026306689E-3,1.003750581E-1,-1.010340393E-1,1.425917191E-1
1.636322000E0,2.807504050E-3,1.100422597E-1,-8.732991993E-2,1.405122625E-1
1.646368000E0,-5.885924220E-2,7.070102334E-2,1.182950199E-2,9.275226257E-2
1.656415000E0,-1.101729450E-1,1.160280544E-1,9.938746333E-2,1.883572538E-1
1.666461000E0,-1.107377860E-1,1.184985030E-1,5.131165624E-2,1.701106655E-1
1.676508000E0,-1.196866572E-2,7.908125281E-2,-4.631228685E-2,9.242251576E-2
1.686554000E0,4.892306864E-2,8.732231855E-2,-1.206958866E-1,1.567997162E-1
1.696601000E0,9.193840295E-2,7.282940984E-2,-1.680723667E-1,2.049514902E-1
1.706647000E0,7.954581410E-2,3.478800952E-2,-1.246486044E-1,1.519046304E-1
1.716694000E0,1.527438909E-2,3.744089127E-2,-3.885357857E-2,5.607787325E-2
1.726740000E0,5.115144253E-2,1.213414192E-2,-6.940644979E-4,5.257555704E-2
1.736787000E0,1.134675586E-1,8.139324188E-4,-1.753989279E-2,1.148181048E-1
1.746833000E0,1.410807422E-1,1.194527686E-2,-3.597850263E-2,1.460853111E-1
1.756880000E0,1.161321348E-1,-2.214749873E-2,-3.778353810E-2,1.241159949E-1
1.766926000E0,7.162663758E-2,-2.580025434E-2,3.848169565E-2,8.530456749E-2
1.776973000E0,-1.366201937E-2,-1.419703960E-3,5.263312697E-2,5.439588576E-2
1.787019000E0,-6.384399354E-2,9.254972935E-3,1.471317333E-1,1.606532196E-1
1.797066000E0,-1.251684219E-2,-2.825608492E-2,2.800506395E-1,2.817506670E-1
1.807112000E0,2.923726598E-2,-3.098848879E-2,2.970449871E-1,3.000847022E-1
1.817159000E0,6.265262336E-2,-8.800059557E-3,1.611299676E-1,1.731059176E-1
1.827205000E0,1.500500969E-1,1.058182311E-1,1.000300723E-1,2.090898012E-1
1.837252000E0,9.379372448E-2,1.794767761E-1,-3.902314782E-2,2.062328344E-1
1.847298000E0,5.454226116E-2,1.916804999E-1,-1.149153292E-2,1.996204589E-1
1.857345000E0,7.169271111E-3,1.869612122E-1,9.276724577E-2,2.088340374E-1
1.867391000E0,-7.687900867E-3,1.525491786E-1,5.194900274E-2,1.613352243E-1
1.877438000E0,-4.859880399E-2,1.418318170E-1,1.501448035E-2,1.506769481E-1
1.887484000E0,-8.176161647E-2,8.466475904E-2,2.089794874E-3,1.177176732E-1
1.897531000E0,-8.868908694E-2,4.244669259E-2,5.462118030E-2,1.124764384E-1
1.907577000E0,-7.905552506E-2,-2.578680575E-2,5.398149490E-2,9.913998783E-2
1.917624000E0,-2.871770432E-2,-1.268027186E-2,-2.772164941E-3,3.151477010E-2
1.927670000E0,-6.092623293E-2,8.042611241E-2,-5.107016623E-2,1.130863710E-1
1.937717000E0,-1.080296298E-1,1.321429807E-1,3.044352829E-2,1.733752482E-1
1.947763000E0,-1.559838331E-1,9.808353424E-2,1.356402004E-1,2.288003493E-1
1.957810000E0,-1.430252337E-1,1.051042861E-1,3.069992870E-1,3.546148483E-1
1.967856000E0,-1.607192007E-1,2.780584931E-2,4.219228023E-1,4.523523824E-1
1.977903000E0,-1.680735179E-1,1.765625238E-2,3.967166251E-1,4.312128608E-1
1.987949000E0,-1.381699982E-1,9.450620770E-2,4.241236943E-1,4.559641211E-1
1.997996000E0,-1.230362164E-1,7.597872019E-2,3.180031621E-1,3.493374981E-1
2.008042000E0,-1.239817294E-1,6.549115419E-2,1.189604330E-1,1.838807906E-1
2.018089000E0,-1.013532790E-1,1.823056591E-1,1.018988425E-1,2.321448138E-1
2.028135000E0,-8.873178989E-2,1.955881941E-1,5.311493754E-2,2.212448165E-1
2.038182000E0,-4.985569954E-2,1.034278893E-1,-4.206077635E-2,1.222784853E-1
2.048228000E0,1.155439049E-2,2.311111987E-2,-1.239691579E-1,1.266332497E-1
2.058275000E0,-1.861782700E-2,2.013371766E-2,-1.563755965E-1,1.587618256E-1
2.068321000E0,-1.536238968E-2,-2.435774624E-2,-1.171817100E-1,1.206683719E-1
2.078368000E0,-5.891829908E-2,-8.603593111E-2,-1.560855746E-2,1.054380125E-1
2.088414000E0,-4.750424176E-2,-9.265790284E-2,7.625236988E-2,1.290603109E-1
2.098461000E0,-6.881938021E-2,1.064777970E-3,4.980833709E-2,8.495946850E-2
2.108507000E0,-1.878944278E-2,3.376708567E-2,-1.253058314E-3,3.866302355E-2
2.118554000E0,-6.614691029E-2,3.111011088E-2,1.680255890E-1,1.832371450E-1
2.128600000E0,-8.433176011E-2,7.223474801E-2,1.755205500E-1,2.076948918E-1
2.138647000E0,-1.086968154E-2,8.878529191E-2,1.709222996E-1,1.929129611E-1
2.148693000E0,6.122034788E-3,1.059655809E-1,1.098808765E-1,1.527743129E-1
2.158740000E0,4.764018953E-2,1.440625298E-1,9.891676247E-2,1.811301357E-1
2.168786917E0,9.873320558E-3,1.406436628E-1,6.886090457E-2,1.569074457E-1
2.178833917E0,2.715213060E-2,1.586150801E-1,8.119326711E-2,1.802451898E-1
2.188879917E0,1.570124040E-2,1.872436327E-1,-1.291532993E-2,1.883441336E-1
2.198925917E0,1.698090354E-2,1.732261026E-1,-8.125875592E-2,1.920901328E-1
2.208972917E0,3.759321580E-2,1.024519891E-1,-6.961753428E-2,1.294459772E-1
2.219018917E0,6.576597333E-2,-2.109675407E-2,-3.975638866E-2,7.969194890E-2
2.229065917E0,6.948831081E-2,-1.784219384E-2,-9.191296756E-2,1.165974392E-1
2.239111917E0,1.934288174E-2,1.526883423E-2,-1.501132286E-1,1.521225354E-1
2.249158917E0,-6.618054092E-2,2.657734931E-2,-8.082079947E-2,1.077878524E-1
2.259204917E0,-9.196939319E-2,4.761270761E-2,-3.264266610E-2,1.085858318E-1
2.269251917E0,-3.637377441E-2,7.935139418E-2,-3.947689176E-2,9.580250626E-2
2.279297917E0,1.757147233E-2,8.561317742E-2,-9.356305182E-2,1.280328765E-1
2.289344917E0,1.131588256E-1,1.653007865E-2,-9.593585193E-2,1.492710655E-1
2.299390917E0,1.517247212E-1,-4.260866046E-2,-4.746301889E-2,1.645862301E-1
2.309437917E0,1.804722646E-1,-4.823894441E-2,2.059623241E-2,1.879399873E-1
2.319483917E0,1.267389840E-1,-9.281987071E-2,7.316153169E-2,1.732942820E-1
2.329530917E0,1.981270552E-2,6.709679961E-3,1.321880043E-1,1.338328494E-1
2.339576917E0,-3.769816875E-2,9.463718534E-2,9.107623100E-2,1.366463634E-1
2.349623917E0,-5.276205808E-2,1.593962681E-1,9.628376126E-2,1.935499102E-1
2.359669917E0,-4.377722651E-2,1.443157142E-1,1.864039725E-1,2.397705401E-1
2.369716917E0,6.143757194E-2,1.175734735E-1,2.070545840E-1,2.459058716E-1
2.379762917E0,1.358983549E-1,4.405760050E-2,2.155359703E-1,2.585830419E-1
2.389809917E0,1.337071109E-1,-2.299534500E-2,1.949841768E-1,2.375399052E-1
2.399855917E0,5.612420708E-2,-9.331571460E-3,2.082076550E-1,2.158412204E-1
2.409902917E0,-3.154572845E-4,-2.533657014E-2,1.485298026E-1,1.506756236E-1
2.419948917E0,-1.955308457E-2,-2.263515651E-2,1.347695500E-1,1.380489226E-1
2.429995917E0,5.809442639E-2,-3.308237672E-2,1.216811424E-1,1.388369780E-1
2.440041917E0,9.420916915E-2,-9.984880865E-2,5.679400563E-2,1.485621460E-1
2.450088917E0,1.136602244E-1,-1.239843607E-1,6.531398356E-2,1.804347105E-1
2.460134917E0,8.687003642E-2,-1.120338213E-1,1.093353313E-1,1.790312683E-1
2.470181917E0,2.386190236E-2,-1.235516667E-1,1.117397064E-1,1.682859671E-1
2.480227917E0,2.639462382E-2,-1.058199853E-1,4.432189465E-2,1.177241513E-1
2.490274917E0,1.448384782E-2,-4.111294270E-2,-3.268944383E-2,5.448537090E-2
2.500320917E0,3.494822323E-2,-3.672986984E-2,-9.942020774E-2,1.116012516E-1
2.510367917E0,5.178089529E-2,-3.208718061E-2,-1.362167358E-1,1.492174501E-1
2.520413917E0,3.539495051E-2,1.351759315E-2,-1.804532611E-1,1.843879261E-1
2.530460917E0,9.481844902E-3,8.949748278E-2,-1.544623876E-1,1.787689402E-1
2.540506917E0,1.514194965E-2,8.376370311E-2,-1.195018852E-1,1.467185645E-1
2.550553917E0,-3.446027309E-2,9.434891760E-2,-4.547145724E-2,1.102582518E-1
2.560599917E0,-7.318521291E-2,1.356004393E-1,3.801801145E-2,1.587101878E-1
2.570646917E0,-4.040192127E-2,1.244445366E-1,6.226524532E-2,1.448989948E-1
2.580692917E0,-5.973398566E-2,7.168920279E-2,1.409927416E-1,1.690752614E-1
2.590739917E0,-3.910559356E-2,6.722719252E-2,1.388105607E-1,1.591135275E-1
2.600785917E0,3.989496768E-2,1.289486468E-2,9.924713016E-2,1.077398665E-1
2.610832917E0,1.237083721E-1,2.488808870E-2,3.767185628E-2,1.316903453E-1
2.620878917E0,1.198541799E-1,1.184178114E-2,4.080596387E-2,1.271628048E-1
2.630925917E0,9.951961040E-2,-3.820687652E-2,1.034009922E-1,1.485115600E-1
2.640971917E0,6.939650953E-2,-8.061790109E-2,1.692944348E-1,1.999393087E-1
2.651018917E0,4.314543486E-2,-4.170585036E-2,1.615065283E-1,1.722941240E-1
2.661064917E0,1.325154483E-2,-6.285113633E-2,1.233598781E-1,1.390810134E-1
2.671111917E0,-3.642201394E-2,-9.583820343E-2,1.319424212E-1,1.670937666E-1
2.681157917E0,-4.676573843E-2,-5.721032739E-2,6.531866133E-2,9.862344229E-2
2.691204917E0,-3.540518314E-2,-9.819813967E-3,-2.952726960E-2,4.713613677E-2
2.701250917E0,-5.020974845E-2,6.691845953E-2,-8.937703013E-2,1.224228434E-1
2.711297917E0,-2.609787762E-2,1.461499858E-1,-1.435245860E-1,2.064950952E-1
2.721343917E0,-1.532467514E-2,1.462932426E-1,-8.867302537E-2,1.717540798E-1
2.731390917E0,2.897850841E-2,1.577432603E-1,-2.102483332E-2,1.617551660E-1
2.741436917E0,6.112883896E-2,1.533695430E-1,2.519331336E-2,1.670139356E-1
2.751483917E0,6.922284722E-2,1.416289186E-1,8.493314624E-2,1.790647718E-1
2.761529917E0,9.674539894E-2,1.025817972E-1,1.091423732E-1,1.783108381E-1
2.771576917E0,6.547098130E-2,4.894177973E-2,1.722244745E-1,1.906384453E-1
2.781622917E0,-8.393678069E-4,5.823826790E-4,2.074463475E-1,2.074488631E-1
2.791669917E0,-3.869307250E-2,-3.476052761E-2,2.217427897E-1,2.277615265E-1
2.801715917E0,-5.779914200E-2,-6.080168724E-2,2.381179172E-1,2.524633210E-1
2.811762917E0,4.587725401E-3,-9.086397707E-2,1.776764184E-1,1.996151778E-1
2.821808917E0,7.879824758E-2,-9.242752254E-2,1.186657333E-1,1.698044964E-1
2.831854917E0,1.284235668E-1,-5.746935904E-2,3.822968066E-2,1.457972847E-1
2.841901917E0,1.450314134E-1,-7.647748768E-2,6.802065969E-3,1.641011429E-1
2.851947917E0,1.517326149E-1,-7.397429466E-2,-3.298999071E-2,1.719980296E-1
2.861994917E0,1.133751726E-1,-5.426859319E-2,-5.316405416E-2,1.364750037E-1
2.872040917E0,5.583447754E-2,-5.527548373E-2,2.023136616E-3,7.859364520E-2
2.882087917E0,1.524573773E-2,-8.381165028E-2,5.661215723E-2,1.022827531E-1
2.892133917E0,-1.524749190E-2,-6.128700614E-2,7.151963353E-2,9.541300284E-2
2.902180917E0,-2.437791914E-2,-9.940266609E-4,3.008860230E-2,3.873751436E-2
2.912226917E0,-4.377371818E-2,5.008491039E-2,-1.664468408E-2,6.856881332E-2
2.922273917E0,-5.897209346E-2,9.111306846E-2,-4.539485872E-2,1.176434964E-1
2.932319917E0,-2.759973496E-2,1.221401489E-1,-8.061439276E-2,1.489249531E-1
2.942366917E0,-6.845335364E-3,1.312477720E-1,-1.311904693E-1,1.856980762E-1
2.952412917E0,-1.648476387E-2,1.480152476E-1,-1.277680939E-1,1.962267739E-1
2.962459917E0,-5.485214531E-2,1.471609694E-1,-1.224722707E-1,1.991596492E-1
2.972505917E0,-8.503576487E-2,1.947163743E-1,-1.515422881E-1,2.609801004E-1
2.982552917E0,-8.199375093E-2,2.104167330E-1,-1.321412265E-1,2.616476265E-1
2.992598917E0,-7.773054600E-2,1.526427341E-1,-4.479668856E-2,1.770553172E-1
3.002645917E0,-1.593600154E-2,1.242392993E-1,-1.285919666E-2,1.259155216E-1
3.012691917E0,4.823280483E-2,6.664130151E-2,-8.588975072E-3,8.271177076E-2
3.022738917E0,4.786676913E-2,7.610969782E-2,3.325896263E-2,9.586486470E-2
3.032784917E0,3.795515388E-2,5.488664389E-2,5.925217509E-2,8.924100872E-2
3.042831917E0,-2.378939688E-3,5.695188046E-2,1.070192492E-1,1.212530236E-1
3.052877917E0,3.829937673E-4,1.680489779E-2,1.612282008E-1,1.621020790E-1
3.062924917E0,1.691540902E-2,9.881794453E-5,1.752293587E-1,1.760439404E-1
3.072970917E0,7.321941912E-2,-2.998919964E-2,1.439333063E-1,1.642474721E-1
3.083017917E0,1.181964943E-1,2.014541209E-2,1.114543623E-1,1.637019357E-1
3.093063917E0,9.894570619E-2,3.989789128E-2,6.041343212E-2,1.226045565E-1
3.103110917E0,6.467985302E-2,8.389000297E-2,7.110214233E-4,1.059316833E-1
3.113156917E0,9.629048556E-2,5.589879692E-2,-5.195718884E-2,1.228661165E-1
3.123203917E0,3.546131641E-2,5.491120219E-2,-1.425785065E-2,6.690314935E-2
3.133249917E0,-2.320438296E-2,2.970385551E-2,7.581382871E-2,8.466698910E-2
3.143296917E0,-2.468694448E-2,-6.175829172E-3,9.168609560E-2,9.515212147E-2
3.153342917E0,4.912333578E-2,-3.705497503E-2,6.751955330E-2,9.135131839E-2
3.163389250E0,3.232516229E-2,-8.463903129E-2,9.716902971E-2,1.328551921E-1
3.173435250E0,-2.239951372E-2,-7.468707025E-2,1.194118381E-1,1.426151596E-1
3.183482250E0,1.414266050E-2,-5.135609508E-2,4.562699318E-2,7.013762082E-2
3.193528250E0,6.608669311E-2,-2.999095380E-2,5.462702751E-2,9.083512785E-2
3.203575250E0,1.629765183E-2,-2.388938427E-2,1.329194909E-1,1.360290675E-1
3.213621250E0,1.580063850E-2,-2.236267626E-2,3.065016890E-1,3.077223339E-1
3.223668250E0,1.892948359E-2,-5.578243732E-4,3.188054001E-1,3.193673741E-1
3.233714250E0,1.345151961E-3,-1.367079020E-2,3.115437430E-1,3.118464426E-1
3.243761250E0,-4.576440275E-2,3.012368560E-2,3.615976632E-1,3.657248788E-1
3.253807250E0,-7.027388424E-2,6.252837002E-2,3.414709622E-1,3.541901098E-1
3.263854250E0,-8.123478234E-2,9.730526984E-2,2.849991381E-1,3.119165179E-1
3.273900250E0,-4.091589153E-2,5.566549301E-2,2.359491849E-1,2.458551914E-1
3.283947250E0,1.344216178E-2,2.937231839E-2,1.691663808E-1,1.722227894E-1
3.293993250E0,5.819119781E-2,1.956010580E-2,5.641569078E-2,8.337591623E-2
3.304040250E0,4.246101370E-2,5.361896753E-4,3.862612188E-2,5.740385418E-2
3.314086250E0,5.651012331E-2,-2.928987265E-2,3.236843169E-2,7.140732488E-2
3.324133250E0,2.126193792E-2,-4.111294270E-2,2.725738049E-2,5.371507099E-2
3.334179250E0,-4.859006971E-2,8.541612625E-3,3.087212920E-2,5.819830223E-2
3.344226250E0,-2.299095958E-2,3.156502426E-2,-1.147574544E-2,4.070169176E-2
3.354272250E0,-3.909039080E-2,7.966655910E-2,-8.981440187E-2,1.262594395E-1
3.364319250E0,-7.099133760E-2,8.550266504E-2,-1.017760509E-1,1.506945264E-1
3.374365250E0,-5.893058280E-2,6.805048048E-2,-9.673107326E-2,1.321384956E-1
3.384412250E0,-5.944630265E-2,5.604673147E-2,-5.238111198E-2,9.705091396E-2
3.394458250E0,-8.077489883E-2,6.507658660E-2,1.898590922E-2,1.054514635E-1
3.404505250E0,-3.211554418E-2,6.454916775E-2,2.296552420E-2,7.566649547E-2
3.414551250E0,1.173126876E-2,6.445034981E-2,2.141718149E-2,6.892144746E-2
3.424598250E0,5.817452868E-2,6.850539386E-2,-1.640728712E-3,8.988857973E-2
3.434644250E0,3.238860458E-2,6.666118205E-2,3.404190481E-2,8.155725707E-2
3.444691250E0,-2.050179988E-2,5.567134023E-2,1.237685984E-1,1.372526425E-1
3.454737250E0,-4.095974565E-3,2.238723457E-2,1.705153334E-1,1.720274519E-1
3.464784250E0,5.154671431E-2,2.408818960E-2,1.196971822E-1,1.325319586E-1
3.474830250E0,8.648265839E-2,4.946276665E-2,6.450414419E-2,1.186869837E-1
3.484877250E0,1.097379121E-1,9.239887118E-2,-3.110718727E-4,1.434575112E-1
3.494923250E0,8.949134320E-2,1.389561564E-1,-2.667499781E-2,1.674188442E-1
3.504970250E0,7.722359240E-2,1.250649261E-1,1.041272163E-2,1.473538047E-1
3.515016250E0,6.261344701E-2,1.123285210E-1,4.365297318E-2,1.358076671E-1
3.525063250E0,2.895072957E-2,9.300756633E-2,6.641209066E-2,1.178945203E-1
3.535109250E0,1.593424737E-2,3.517977297E-2,1.326201135E-1,1.381289657E-1
3.545156250E0,2.543217212E-2,5.425046682E-3,1.767467111E-1,1.786494512E-1
3.555202250E0,2.680948377E-2,1.509751081E-2,1.521164846E-1,1.551969979E-1
3.565248250E0,4.572756529E-2,3.950905144E-2,9.300347328E-2,1.109126747E-1
3.575295250E0,5.568566591E-2,6.889598787E-2,1.605002224E-2,9.002862737E-2
3.585341250E0,5.781551421E-2,7.517999053E-2,-3.585278749E-2,1.013907640E-1
3.595388250E0,2.354205966E-2,7.151027799E-2,3.432666421E-2,8.274217973E-2
3.605434250E0,-1.642482877E-2,3.504587173E-2,9.106336713E-2,9.894708161E-2
3.615481250E0,-1.906250775E-2,4.333605409E-2,7.145940721E-2,8.571954074E-2
3.625527250E0,-1.193329006E-2,4.505396605E-2,-1.193884492E-2,4.811236105E-2
3.635574250E0,-5.312195420E-4,2.853967488E-2,-7.652309597E-2,8.167361540E-2
3.645620250E0,1.361991942E-2,1.900345087E-3,-8.622888923E-2,8.731858252E-2
3.655667250E0,-3.134429187E-2,-3.422024488E-2,2.182765603E-3,4.645701517E-2
3.665713250E0,-5.570583880E-2,-3.592646241E-2,9.123235166E-2,1.127705332E-1
3.675760250E0,-7.744461715E-2,3.794842958E-4,8.825494945E-2,1.174169870E-1
3.685806250E0,-7.528290153E-2,1.555710196E-2,1.130307716E-1,1.366948939E-1
3.695853250E0,-7.022447526E-2,8.658556938E-3,1.376270843E-1,1.547503210E-1
3.705899250E0,-2.406948080E-2,6.252369225E-2,6.569639146E-2,9.383265876E-2
3.715946250E0,4.204557359E-2,1.282727087E-1,-3.444302380E-2,1.393127415E-1
3.725992250E0,-1.427305341E-3,1.851579309E-1,-3.204274178E-2,1.879154966E-1
3.736039250E0,-4.236950934E-2,2.458455974E-1,-5.759390473E-2,2.560318163E-1
3.746085250E0,-5.243841469E-2,2.265047622E-1,-5.672559321E-2,2.393156651E-1
3.756132250E0,-6.934008390E-2,1.734623301E-1,-2.707202375E-2,1.887594280E-1
3.766178250E0,-1.070286047E-1,1.216717869E-1,4.076678753E-3,1.620980113E-1
3.776225250E0,-1.130363265E-1,1.063093972E-1,3.984175801E-2,1.602069434E-1
3.786271250E0,-1.185259849E-1,1.089605248E-1,9.870100021E-3,1.613016551E-1
3.796318250E0,-8.095616251E-2,1.501863188E-1,-6.602442026E-2,1.829454964E-1
3.806364250E0,-5.371135354E-2,1.535847205E-1,-1.085050267E-1,1.955671667E-1
3.816411250E0,-4.562962443E-2,1.270828003E-1,-6.963273704E-2,1.519237270E-1
3.826457250E0,-4.182511072E-3,1.460710484E-1,-3.810279608E-2,1.510167793E-1
3.836504250E0,9.430974126E-3,1.596991539E-2,-6.301135004E-2,6.568418153E-2
3.846550250E0,5.319329023E-2,2.680305183E-2,-3.273856044E-2,6.796869171E-2
3.856597250E0,5.840052813E-2,-7.035135984E-2,4.854358435E-3,9.156145649E-2
3.866643250E0,4.366320580E-2,-1.478176117E-1,1.406617892E-1,2.086678241E-1
3.876690250E0,1.280686408E-2,-1.874956477E-1,1.215028024E-1,2.237891075E-1
3.886736250E0,1.679963529E-2,-1.275429761E-1,3.948215425E-2,1.345670057E-1
3.896783250E0,6.683864504E-2,-6.109814107E-2,-3.584752500E-2,9.739318437E-2
3.906829250E0,1.081205723E-1,-7.322994411E-2,-1.039325041E-1,1.668971188E-1
3.916876250E0,9.551485240E-2,-1.962793350E-2,-4.411899626E-2,1.070272331E-1
3.926922250E0,6.584198713E-2,1.271593988E-2,6.859953403E-3,6.740861486E-2
3.936969250E0,7.916165203E-2,2.044595897E-2,2.210773766E-2,8.469566963E-2
3.947015250E0,6.586713016E-2,1.193124354E-2,4.711218596E-2,8.185591899E-2
3.957062250E0,6.536631614E-2,3.065227389E-2,7.468063831E-2,1.038725898E-1
3.967108250E0,5.778744757E-2,2.716090143E-2,7.240373254E-2,9.653706101E-2
3.977155250E0,9.544410110E-3,7.576412737E-2,3.224271655E-2,8.289084106E-2
3.987201250E0,-3.133819797E-3,1.306472629E-1,-9.303504825E-3,1.310155843E-1
3.997248250E0,-1.590179076E-2,1.168969506E-1,-2.268076479E-2,1.201340131E-1
4.007294250E0,-2.954422653E-2,1.233750808E-1,-2.427120745E-2,1.291640949E-1
4.017341250E0,-8.066233993E-3,1.171255767E-1,-2.942143500E-2,1.210334073E-1
4.027387250E0,3.748240650E-2,9.016991258E-2,-2.910510063E-2,1.018952934E-1
4.037434250E0,1.468586683E-2,5.578886926E-2,5.221563578E-4,5.769181281E-2
4.047480250E0,2.177386165E-2,6.495321035E-2,1.371815264E-2,6.986564462E-2
4.057527250E0,1.191019356E-2,6.839371204E-2,1.005019426E-2,7.014669602E-2
4.067573250E0,1.713643491E-2,1.736856937E-2,5.501060486E-3,2.501172265E-2
4.077620250E0,-3.515462995E-2,-2.356895685E-2,7.669324994E-2,8.759679401E-2
4.087666250E0,-7.066594005E-2,-2.030621052E-2,2.104752052E-1,2.229480416E-1
4.097713250E0,-7.400879780E-2,-9.012313485E-3,1.911723769E-1,2.051960078E-1
4.107759250E0,1.436836302E-2,9.218720198E-3,1.018532342E-1,1.032739850E-1
4.117806250E0,7.265516281E-2,1.725045562E-2,6.563850403E-2,9.942215102E-2
4.127852250E0,1.113137367E-1,4.861433566E-2,8.380229473E-2,1.475700722E-1
4.137899250E0,1.307256156E-1,7.459176064E-2,1.048575336E-1,1.834345106E-1
4.147945250E0,1.701683012E-1,5.946852207E-2,1.004306066E-1,2.063493702E-1
4.157992250E0,1.681580284E-1,6.022164345E-2,5.780966699E-2,1.877384523E-1
4.168039292E0,1.214823371E-1,8.434842467E-2,2.216913342E-2,1.495462653E-1
4.178086292E0,3.962950408E-2,7.680902481E-2,4.529253244E-2,9.757836534E-2
4.188132292E0,-4.618452519E-2,9.085052848E-2,3.233510256E-2,1.069223445E-1
4.198179292E0,-5.566198468E-2,1.140107650E-1,5.285882950E-4,1.268739156E-1
4.208225292E0,-4.859094679E-2,1.105275786E-1,-3.036400616E-2,1.244965807E-1
4.218272292E0,-7.799396306E-2,1.276493955E-1,4.546794891E-3,1.496599471E-1
4.228318292E0,-7.908973128E-2,9.799114823E-2,3.879159808E-2,1.317658484E-1
4.238365292E0,-4.013119519E-2,1.451571286E-1,6.237751186E-2,1.630093825E-1
4.248411292E0,-4.710487694E-2,5.075734019E-2,3.953068614E-2,7.973614087E-2
4.258458292E0,1.263086289E-2,7.138748646E-2,8.816899538E-2,1.141467637E-1
4.268504292E0,1.055159301E-2,-1.491039991E-3,1.327703869E-1,1.331973534E-1
4.278551292E0,-3.547213376E-2,2.817188501E-3,1.527924228E-1,1.568812713E-1
4.288597292E0,-3.487045527E-2,2.013547182E-2,1.222535849E-1,1.287141208E-1
4.298644292E0,-2.109588613E-2,2.649197996E-2,4.948849440E-2,5.996642803E-2
4.308690292E0,2.216942579E-2,4.086619020E-2,-4.363777041E-2,6.376350012E-2
4.318737292E0,8.592483401E-4,2.110201657E-2,-6.670386672E-2,6.996741560E-2
4.328783292E0,5.789031289E-3,3.660883248E-2,-4.768989086E-2,6.039904957E-2
4.338829292E0,-5.280625024E-3,-4.701746106E-3,-3.727775395E-2,3.794235571E-2
4.348876292E0,6.900883913E-3,-3.549844623E-3,-5.888555467E-2,5.939471479E-2
4.358922292E0,2.635749400E-2,2.698840857E-2,-8.324096203E-2,9.139009490E-2
4.368969292E0,-3.334871739E-2,8.282347083E-2,-5.456563175E-2,1.046387712E-1
4.379016292E0,-1.059565178E-1,1.593296099E-1,-4.523639917E-2,1.966190226E-1
4.389062292E0,-1.005718169E-1,1.597535330E-1,-7.858014643E-2,2.044767006E-1
4.399109292E0,-8.669959009E-2,1.007837784E-1,-3.629717588E-2,1.378102822E-1
4.409155292E0,-4.504227618E-2,1.250052845E-1,2.411684096E-2,1.350435109E-1
4.419201292E0,-3.333702753E-2,1.126220512E-1,2.149611890E-2,1.194033792E-1
4.429248292E0,-2.576400161E-2,6.486901045E-2,4.744255364E-2,8.439530906E-2
4.439294292E0,2.071551561E-2,4.370793700E-2,6.600980222E-2,8.183404141E-2
4.449341292E0,4.301650375E-2,2.438288927E-3,2.440744758E-2,4.951856566E-2
4.459387292E0,8.700627655E-2,-8.334621191E-3,-1.587402105E-2,8.883435492E-2
4.469434292E0,7.655496329E-2,-6.058884859E-3,-3.706842363E-2,8.527274195E-2
4.479480292E0,3.327065706E-2,8.607101440E-4,1.818951845E-2,3.792803745E-2
4.489527292E0,-5.100233853E-3,2.797132552E-2,1.332580447E-2,3.140039015E-2
4.499573292E0,7.477419376E-3,1.299017429E-2,3.502365232E-2,3.809609757E-2
4.509620292E0,4.231921872E-2,-2.649665773E-2,3.555750310E-2,6.129702416E-2
4.519666292E0,6.090781420E-2,7.679733038E-3,2.887121201E-2,6.784015782E-2
4.529713292E0,4.501039972E-2,4.293259621E-2,3.396998405E-2,7.087385778E-2
4.539759292E0,6.007048836E-2,6.093792737E-2,3.629249811E-2,9.294643609E-2
4.549806292E0,5.119002958E-2,7.215054810E-2,5.473987877E-2,1.040316060E-1
4.559852292E0,4.261480004E-2,9.530376792E-2,1.103545010E-1,1.519109781E-1
4.569899292E0,4.050337046E-2,1.236727041E-1,8.455950916E-2,1.551959128E-1
4.579945292E0,5.396804631E-2,1.600008702E-1,5.284011841E-2,1.769319265E-1
4.589992292E0,3.779757142E-2,1.596020901E-1,2.125345945E-2,1.653880078E-1
4.600038292E0,2.427705467E-2,1.378978103E-1,-9.263159037E-3,1.403245794E-1
4.610085292E0,3.365160316E-2,1.051890707E-1,-3.837586105E-2,1.169182522E-1
4.620131292E0,2.923841715E-2,1.182739699E-1,-8.617158651E-2,1.492285472E-1
4.630178292E0,2.964742988E-2,1.055749869E-1,-1.147159392E-1,1.586971791E-1
4.640224292E0,2.101372361E-2,7.075949550E-2,-6.828378439E-2,1.005542540E-1
4.650271292E0,2.515004396E-2,5.458024979E-2,-4.046799481E-2,7.245127316E-2
4.660317292E0,-1.073548794E-2,3.642230630E-2,-6.094202042E-2,7.180365555E-2
4.670364292E0,-6.134460578E-2,6.848083556E-2,8.919927478E-3,9.237072374E-2
4.680410292E0,-7.497504562E-2,8.922617197E-2,7.657981396E-2,1.394526269E-1
4.690457292E0,-2.167241246E-2,1.120045853E-1,3.993765235E-2,1.208707436E-1
4.700503292E0,4.359947115E-2,1.559130818E-1,9.492252946E-2,1.876701616E-1
4.710550292E0,-1.532234082E-2,1.313284636E-2,2.014962208E-1,2.025042538E-1
4.720596292E0,1.439262897E-2,7.136468232E-2,2.840378559E-1,2.932193193E-1
4.730643292E0,1.975394100E-2,1.476421952E-3,2.227806705E-1,2.236596190E-1
4.740689292E0,6.870273739E-2,-1.445080876E-2,2.138987499E-1,2.251256699E-1
4.750736292E0,4.283757438E-2,-4.528200746E-2,2.314304566E-1,2.396780637E-1
4.760782292E0,5.862155288E-2,-2.311755180E-2,1.695511276E-1,1.808825379E-1
4.770829292E0,5.998980135E-2,1.558984637E-2,7.792701244E-2,9.957127520E-2
4.780875292E0,4.456104577E-2,3.581010282E-2,-1.251304150E-3,5.718055636E-2
4.790922292E0,4.594772209E-2,3.149368823E-2,-1.004025400E-2,5.660258178E-2
4.800968292E0,3.767273337E-2,-1.437947273E-2,-4.656430185E-2,6.159738860E-2
4.811015292E0,6.034735402E-2,-1.391052604E-2,-4.962005675E-2,7.935651141E-2
4.821061292E0,5.650895387E-2,-5.322661936E-2,-8.948637307E-2,1.184658003E-1
4.831108292E0,5.420924395E-2,-2.712464869E-2,-5.540821552E-2,8.212465552E-2
4.841154292E0,1.246041656E-3,3.701813757E-2,-1.717444181E-2,4.082715495E-2
4.851201292E0,-3.972218245E-2,1.012386918E-1,-2.171831310E-2,1.108999983E-1
4.861247292E0,-1.151404927E-2,1.211829597E-1,-4.101061642E-2,1.284513671E-1
4.871294292E0,1.517937183E-3,1.132307464E-1,6.792125702E-3,1.134444315E-1
4.881340292E0,-8.860285878E-3,1.067455995E-1,5.138767004E-2,1.188016006E-1
4.891387292E0,-4.899440467E-2,7.370766163E-2,1.025472987E-1,1.354592911E-1
4.901433292E0,-3.345659852E-2,5.027786851E-2,1.798860812E-1,1.897530244E-1
4.911480292E0,-8.520562649E-3,3.471141100E-2,1.066999912E-1,1.125271975E-1
4.921526292E0,-1.486771981E-2,2.237729430E-2,1.161906070E-1,1.192562348E-1
4.931573292E0,-2.679661989E-2,4.614037871E-2,1.286726582E-1,1.392969718E-1
4.941619292E0,-3.321773976E-2,-1.028583705E-2,1.204777855E-1,1.253958272E-1
4.951666292E0,2.071200272E-2,1.035132587E-2,1.073636502E-1,1.098321009E-1
4.961712292E0,1.740569919E-2,1.382808030E-2,8.088511884E-2,8.388430496E-2
4.971759292E0,1.027910819E-2,1.445431709E-2,6.160392523E-2,6.410640336E-2
4.981805292E0,-5.251384377E-3,2.423729360E-2,3.015876889E-2,3.904580362E-2
4.991852292E0,7.769195437E-3,6.433515966E-2,-2.918403804E-2,7.107095921E-2
5.001898292E0,1.252912134E-2,3.934649885E-2,-6.284938216E-2,7.520086895E-2
5.011945292E0,1.401051342E-2,6.412641406E-3,-1.179541272E-1,1.189562633E-1
5.021991292E0,7.921515405E-3,4.336470544E-2,-1.109830767E-1,1.194172994E-1
5.032038292E0,-5.023606549E-2,3.061368227E-2,-7.869475186E-2,9.825336527E-2
5.042084292E0,-1.140932107E-1,4.627486467E-2,4.088957906E-3,1.231882438E-1
5.052131292E0,-8.880897313E-2,8.658206105E-2,2.824205160E-2,1.272049546E-1
5.062177292E0,-2.004220873E-2,9.263392925E-2,-3.627261758E-2,1.014812188E-1
5.072224292E0,3.030991942E-2,8.201947868E-2,-8.337544799E-2,1.208194994E-1
5.082270292E0,-7.987004220E-3,1.343690157E-2,-3.566567659E-2,3.894076331E-2
5.092317292E0,-8.633764744E-2,-8.858531713E-4,1.308688724E-1,1.567853178E-1
5.102363292E0,-1.194977921E-1,2.825959325E-3,1.831669539E-1,2.187186352E-1
5.112410292E0,-1.296374488E-1,1.623947203E-2,2.054483539E-1,2.434719998E-1
5.122456292E0,-1.225950623E-1,1.064427137E-2,1.961582977E-1,2.315619303E-1
5.132503292E0,-9.182408988E-2,5.703608036E-2,1.410301638E-1,1.776915446E-1
5.142549292E0,-8.675454478E-2,-1.888884544E-2,2.455889046E-2,9.212099990E-2
5.152596292E0,-1.548489799E-2,1.687974215E-2,1.999221504E-2,3.040388828E-2
5.162642292E0,-1.268904269E-2,-1.866723597E-2,-5.673494875E-2,6.106006807E-2
5.172688500E0,-1.865233471E-2,-8.291936517E-3,-3.817471683E-2,4.328943065E-2
5.182734500E0,1.685138315E-2,-5.101578712E-2,-7.090333700E-2,8.895989460E-2
5.192781500E0,2.273952931E-2,-5.621630073E-2,-8.518282235E-2,1.045632435E-1
5.202827500E0,-7.604303956E-3,-5.805875838E-2,-5.716822743E-2,8.183429044E-2
5.212874500E0,-5.484483629E-2,-3.620362043E-2,-3.233685672E-2,7.324158998E-2
5.222920500E0,-6.773648500E-2,1.250310123E-2,-6.388901711E-2,9.394873840E-2
5.232967500E0,-5.701122969E-2,2.640661061E-2,-1.046867949E-1,1.220938754E-1
5.243013500E0,-4.140881181E-2,7.659267783E-3,-1.152404344E-1,1.226935687E-1
5.253060500E0,-5.351605654E-2,2.680363655E-3,-7.712302029E-2,9.391013212E-2
5.263106500E0,-6.678953757E-2,-1.505307198E-2,-2.848003328E-2,7.415220563E-2
5.273153500E0,-4.139536321E-2,-2.431506157E-2,-5.253547847E-2,7.116723131E-2
5.283199500E0,-3.942777514E-3,-4.930196822E-2,-7.961919665E-2,9.373071023E-2
5.293246500E0,-9.383611679E-3,-2.959217370E-2,-9.439277172E-2,9.936671608E-2
5.303292500E0,-2.906358540E-2,1.419470072E-2,-8.996175170E-2,9.559967727E-2
5.313339500E0,-5.962669839E-2,5.362890780E-2,-3.006696761E-2,8.564709834E-2
5.323385500E0,-9.538532744E-2,6.734355211E-2,8.924605250E-3,1.171032164E-1
5.333432500E0,-7.237712771E-2,8.576111197E-2,3.533940196E-2,1.176532629E-1
5.343478500E0,-4.760950078E-2,1.218694228E-1,3.467457354E-2,1.353556309E-1
5.353525500E0,-6.952602535E-2,9.100606441E-2,1.091031969E-1,1.581754707E-1
5.363571500E0,-8.872535795E-2,1.030729634E-1,2.091975886E-1,2.495192497E-1
5.373618500E0,-1.263445893E-1,1.493261933E-1,2.746887428E-1,3.372168036E-1
5.383664500E0,-1.429199839E-1,1.690447587E-1,2.905428833E-1,3.652634929E-1
5.393711500E0,-7.724551946E-2,1.642880487E-1,1.870296246E-1,2.606482567E-1
5.403757500E0,2.930907710E-3,1.407465738E-1,8.163473189E-2,1.627341934E-1
5.413804500E0,9.741461277E-3,9.778415680E-2,4.699524164E-2,1.089274535E-1
5.423850500E0,9.240345759E-3,3.621414542E-2,6.401414752E-2,7.412596982E-2
5.433897500E0,-2.521904111E-3,-1.047937989E-2,9.550783575E-2,9.611412015E-2
5.443943500E0,3.375305235E-2,-5.966089547E-2,5.454165816E-2,8.759842160E-2
5.453990500E0,3.391121954E-2,-5.925626814E-2,3.427053094E-2,7.639205074E-2
5.464036500E0,9.068739116E-3,-1.597927094E-2,-4.683619738E-3,1.896089193E-2
5.474083500E0,-1.609008481E-2,5.025857270E-2,-4.437335014E-2,6.894787279E-2
5.484129500E0,-1.383861442E-2,1.397443610E-1,-5.697234571E-2,1.515448510E-1
5.494176500E0,3.886818747E-2,1.106690812E-1,-9.415771365E-3,1.176734392E-1
5.504222500E0,7.873216490E-2,5.873177290E-2,1.200257957E-2,9.895573179E-2
5.514269500E0,1.090213358E-1,3.397232294E-2,3.150304377E-2,1.184576387E-1
5.524315500E0,1.091379787E-1,1.108339727E-2,1.151726067E-2,1.103022546E-1
5.534362500E0,6.956490934E-2,-4.838570952E-3,3.751690507E-2,7.918463580E-2
5.544408500E0,5.386835128E-2,-4.356526494E-2,7.509812951E-2,1.021736788E-1
5.554455500E0,3.245789409E-2,-5.689750135E-2,8.703229666E-2,1.089286978E-1
5.564501500E0,2.393265367E-2,-1.442098796E-2,4.265368402E-2,5.099091650E-2
5.574548500E0,5.639931858E-3,1.208561003E-2,1.799188256E-2,2.239595141E-2
5.584594500E0,1.961418341E-2,3.229709566E-2,5.544973075E-2,6.710060521E-2
5.594641500E0,9.007635713E-3,4.470781088E-2,8.172770262E-2,9.359136301E-2
5.604687500E0,1.784043968E-2,9.045291781E-2,3.860331774E-2,9.995112690E-2
5.614734500E0,8.487350464E-2,1.355828977E-1,-1.814391017E-2,1.609827177E-1
5.624780500E0,1.757216942E-1,1.220752448E-1,-1.930516720E-2,2.148328855E-1
5.634827500E0,2.619792348E-1,9.087508678E-2,-9.692286193E-2,2.937438374E-1
5.644873500E0,2.843287548E-1,1.888475239E-2,-1.068964577E-1,3.043457366E-1
5.654920500E0,2.206212938E-1,-2.666973531E-2,-3.985520661E-2,2.257730443E-1
5.664966500E0,1.478898248E-1,-4.013294935E-2,3.765022159E-2,1.577960490E-1
5.675013500E0,8.773834795E-2,-4.347989559E-2,1.513803202E-1,1.802901006E-1
5.685059500E0,2.458666474E-2,-5.500651181E-2,1.853269154E-1,1.948750523E-1
5.695106500E0,-2.016383082E-2,-1.027250540E-1,3.274914390E-1,3.438163164E-1
5.705152500E0,-8.627742112E-2,-9.833730340E-2,5.486196864E-1,5.640013997E-1
5.715199500E0,-1.084638038E-1,-9.129667103E-2,6.938943440E-1,7.082293693E-1
5.725245500E0,-7.327614625E-2,-9.893079579E-2,6.731636256E-1,6.843288411E-1
5.735292500E0,-1.541033685E-3,-4.253732443E-2,6.116526711E-1,6.131319506E-1
5.745338500E0,5.792895019E-2,-7.121908665E-4,5.134288037E-1,5.166869526E-1
5.755385500E0,1.101989651E-1,-1.383334279E-2,4.165381014E-1,4.310906671E-1
5.765431500E0,9.572476745E-2,-4.103166640E-2,3.518632185E-1,3.669530669E-1
5.775478500E0,7.874942333E-2,-2.409462154E-2,2.094390786E-1,2.250483284E-1
5.785524500E0,7.586616129E-2,-3.311862946E-3,7.847080350E-2,1.091984884E-1
5.795571500E0,-2.522790330E-3,-1.535478830E-2,4.334248602E-2,4.605111388E-2
5.805617500E0,-1.040900865E-1,-3.583933890E-2,7.311475396E-2,1.321551042E-1
5.815664500E0,-1.367833310E-1,-9.437406063E-4,5.464047611E-2,1.472961368E-1
5.825710500E0,-8.874289960E-2,8.798305392E-2,3.781511307E-2,1.305614904E-1
5.835757500E0,-7.312091181E-2,8.607101440E-2,-4.357929826E-3,1.130215856E-1
5.845803500E0,-3.712367982E-2,4.800973356E-2,-5.709221363E-2,8.332240381E-2
5.855850500E0,5.388793945E-3,-6.216759682E-3,-8.349005342E-2,8.389443498E-2
5.865896500E0,-9.829169512E-4,-2.107336521E-3,-9.740174890E-2,9.742950108E-2
5.875943500E0,-8.549214005E-2,3.387876749E-2,-8.599558532E-2,1.259043986E-1
5.885989500E0,-1.384834090E-1,9.256142378E-4,2.641187310E-3,1.385116861E-1
5.896036500E0,-1.068353543E-1,1.851930141E-2,1.121864337E-1,1.560210029E-1
5.906082500E0,1.629911363E-2,-3.183224201E-3,-3.207782507E-3,1.691401461E-2
5.916129500E0,1.162762687E-1,2.197851419E-2,-9.517045140E-2,1.518573033E-1
5.926175500E0,1.568062440E-1,8.245275736E-2,-1.770864344E-1,2.504920370E-1
5.936222500E0,1.355627248E-1,4.813252509E-2,-1.360038972E-1,1.979673013E-1
5.946268500E0,9.025643310E-2,-2.727784574E-2,-1.600733757E-2,9.563754200E-2
5.956315500E0,2.825316131E-2,-5.663262248E-2,9.729532957E-2,1.160684118E-1
5.966361500E0,-7.584483722E-2,-4.097377896E-2,2.547930068E-1,2.689809774E-1
5.976408500E0,-6.821449488E-2,-4.934816122E-2,2.627189076E-1,2.758798339E-1
5.986454500E0,7.277133968E-3,-5.997781456E-2,1.596927220E-1,1.707397445E-1
5.996501500E0,5.177767932E-2,-5.336636782E-2,8.733167410E-2,1.146983809E-1
6.006547500E0,4.691308826E-2,-3.433251143E-2,7.421227634E-2,9.427099846E-2
6.016594500E0,4.653506577E-3,-4.722562194E-2,1.476796174E-1,1.551166783E-1
6.026640500E0,-1.230341882E-2,-5.695363462E-2,1.763724893E-1,1.857480703E-1
6.036687500E0,-3.615801215E-2,-7.302587628E-2,1.525012314E-1,1.729069288E-1
6.046733500E0,-4.621365163E-3,-6.860538125E-3,5.615607440E-2,5.676203566E-2
6.056780500E0,1.974604726E-3,1.582665861E-2,-1.787961602E-2,2.395960884E-2
6.066826500E0,-3.696258903E-2,-3.414364636E-2,3.944531679E-3,5.047356639E-2
6.076873500E0,-8.458289802E-2,-7.882806838E-2,5.508077145E-2,1.280703806E-1
6.086919500E0,-8.404787779E-2,-8.424317479E-2,9.967865467E-2,1.552314158E-1
6.096966500E0,-1.133055907E-1,-1.474667788E-1,1.750293839E-1,2.553818571E-1
6.107012500E0,-7.479202777E-2,-1.318400949E-1,1.528462172E-1,2.152617573E-1
6.117059500E0,-5.071847448E-2,-4.922829330E-2,6.696523726E-2,9.736596693E-2
6.127105500E0,7.919761240E-3,-1.742996514E-2,3.535168111E-2,4.020283150E-2
6.137152500E0,2.916795820E-2,2.070732951E-2,-4.767819643E-3,3.608732998E-2
6.147198500E0,4.958524754E-2,6.892814755E-2,-4.631228685E-2,9.671925461E-2
6.157245500E0,5.534945101E-2,5.092223167E-2,-3.235381365E-2,8.187432237E-2
6.167291167E0,3.318733424E-2,5.095731497E-2,2.781871319E-2,6.687247495E-2
6.177338167E0,-5.275357962E-3,4.881255627E-2,8.124355316E-2,9.492633977E-2
6.187384167E0,-5.936911941E-2,1.968172789E-3,1.908636439E-1,1.998937133E-1
6.197431167E0,-7.652572721E-2,-1.620321929E-2,2.729117739E-1,2.839006298E-1
6.207477167E0,-9.023423195E-2,-2.106985688E-2,2.862983894E-1,3.009201277E-1
6.217524167E0,-8.189054757E-2,-2.924777269E-3,2.416572368E-1,2.551721697E-1
6.227570167E0,-6.003219366E-2,1.101498485E-2,1.961436796E-1,2.054203914E-1
6.237617167E0,-3.201028973E-2,2.462087095E-2,1.417669129E-1,1.474065926E-1
6.247663167E0,-2.244804561E-2,1.169677019E-2,1.087219584E-1,1.116297157E-1
6.257710167E0,-4.500017166E-3,-1.005721092E-2,9.326192021E-2,9.391050744E-2
6.267756167E0,3.095340550E-2,2.098097920E-2,1.362635136E-2,3.979940014E-2
6.277803167E0,4.975834340E-2,2.061494350E-2,-5.861833692E-2,7.960513838E-2
6.287849167E0,2.257549664E-2,-3.324960709E-2,-9.387704730E-3,4.127127839E-2
6.297896167E0,2.831660360E-2,-5.068834305E-2,4.214731514E-2,7.174631931E-2
6.307942167E0,5.333830118E-3,-2.412444234E-2,4.333020687E-2,4.987930723E-2
6.317989167E0,-1.099893424E-1,1.319599628E-2,9.407936096E-2,1.453365608E-1
6.328035167E0,-1.648675078E-1,3.144515634E-2,1.843825901E-1,2.493331757E-1
6.338082167E0,-1.030902126E-1,4.855001628E-2,1.916594499E-1,2.229754264E-1
6.348128167E0,-1.998256713E-2,2.251411915E-2,1.315863258E-1,1.349857388E-1
6.358175167E0,1.476158828E-2,7.584306479E-2,1.078682649E-1,1.326862372E-1
6.368221167E0,-1.648640726E-3,1.131722742E-1,1.877435696E-1,2.192221011E-1
6.378268167E0,-2.616804421E-2,6.202317059E-2,2.708769429E-1,2.791163886E-1
6.388314167E0,-3.007826004E-3,4.134273827E-2,2.836583716E-1,2.866711370E-1
6.398361167E0,6.465266347E-3,1.551734090E-2,3.079284096E-1,3.083869209E-1
6.408407167E0,-9.133058488E-3,5.724424124E-3,2.957849121E-1,2.959812427E-1
6.418454167E0,-4.170234203E-3,1.836961269E-2,2.634468859E-1,2.641194715E-1
6.428500167E0,7.180468529E-2,4.447684586E-2,1.825184977E-1,2.011146555E-1
6.438547167E0,1.179240140E-1,1.005241621E-1,7.780012786E-2,1.733898502E-1
6.448594167E0,1.555526009E-1,4.284722686E-2,-1.295742989E-3,1.613510937E-1
6.458640167E0,1.568623772E-1,4.241336346E-2,-5.303892374E-2,1.709322270E-1
6.468687167E0,1.717967507E-1,4.696483612E-2,-5.454165816E-2,1.862648970E-1
6.478733167E0,1.720116359E-1,-2.970970273E-2,-2.933665037E-2,1.770065207E-1
6.488780167E0,1.615445352E-1,-4.714142203E-2,-2.392095923E-3,1.682993542E-1
6.498826167E0,9.753184944E-2,-6.848726749E-2,8.659258604E-2,1.473134190E-1
6.508872167E0,5.447119921E-2,-6.544788480E-2,1.617281377E-1,1.827745270E-1
6.518919167E0,5.889958799E-2,-6.427668750E-2,1.605698043E-1,1.827110179E-1
6.528966167E0,1.021339005E-1,8.334036469E-3,3.817413211E-2,1.093528882E-1
6.539012167E0,1.414274821E-1,5.738106608E-2,-4.569774449E-2,1.593191868E-1
6.549059167E0,2.107620111E-1,1.064427137E-2,-5.872709513E-2,2.190497604E-1
6.559105167E0,2.267368784E-1,-1.776091754E-2,-2.501731217E-2,2.288032520E-1
6.569152167E0,1.852909550E-1,-2.550847828E-2,3.792737961E-2,1.908452425E-1
6.579198167E0,1.303926167E-1,-2.743104279E-2,6.450648308E-2,1.480398019E-1
6.589245167E0,1.209286058E-1,-8.851515055E-3,7.453738153E-2,1.423302437E-1
6.599291167E0,1.008209082E-1,-3.185796976E-2,9.303446352E-2,1.408374850E-1
6.609338167E0,6.817707270E-2,-3.357354283E-2,1.177676010E-1,1.401588523E-1
6.619384167E0,8.792661002E-2,-2.382740378E-3,1.084950864E-1,1.396708630E-1
6.629431167E0,1.397940624E-1,-4.909322262E-3,6.855860353E-2,1.557779299E-1
6.639477167E0,1.840250328E-1,-4.517032564E-2,3.943479180E-2,1.935476009E-1
6.649524167E0,2.011518198E-1,-1.002142596E-1,1.031121397E-1,2.472591066E-1
6.659570167E0,2.119586255E-1,-1.669362527E-1,2.441271007E-1,3.638574071E-1
6.669617167E0,1.966985804E-1,-2.060535407E-1,3.657164419E-1,4.635697456E-1
6.679663167E0,1.391160594E-1,-2.172094434E-1,4.316929150E-1,5.028836776E-1
6.689710167E0,3.653981706E-2,-1.628981656E-1,4.622574806E-1,4.914803648E-1
6.699756167E0,-3.086920559E-2,-1.319266337E-1,4.943399835E-1,5.125715207E-1
6.709803167E0,-2.646712929E-2,-8.749773502E-2,5.385203755E-1,5.462239077E-1
6.719849167E0,-1.595911631E-2,-3.164454639E-2,5.023834133E-1,5.036319735E-1
6.729896167E0,2.672557622E-2,-3.762332439E-2,3.175038099E-1,3.208402099E-1
6.739942167E0,5.598007321E-2,1.074022418E-1,1.286223722E-1,1.766712335E-1
6.749989167E0,-4.689554662E-2,2.094110119E-1,9.842676580E-2,2.360931859E-1
6.760035167E0,-8.063573509E-2,9.060494542E-2,6.914215565E-2,1.396138088E-1
6.770082167E0,-6.234710634E-2,7.128399074E-2,7.877544343E-2,1.231833572E-1
6.780128167E0,-5.740182370E-2,9.613582671E-2,-4.558606267E-2,1.208931580E-1
6.790175167E0,-1.417604810E-1,5.989595354E-2,-5.920890570E-2,1.648916424E-1
6.800221167E0,-2.035085401E-1,1.541127241E-1,-1.103258497E-1,2.780975561E-1
6.810268167E0,-2.042827114E-1,1.712240160E-1,-1.719794762E-1,3.172160621E-1
6.820314167E0,-1.804152725E-1,2.315093940E-1,-2.474337012E-1,3.838876223E-1
6.830361167E0,-1.468101364E-1,1.836242062E-1,-2.503736812E-1,3.434502082E-1
6.840407167E0,-1.274742714E-1,2.127170277E-1,-1.996093243E-1,3.183427494E-1
6.850454167E0,-1.341099840E-1,2.010319519E-1,-1.185160446E-1,2.691568062E-1
6.860500167E0,-1.504521113E-1,2.595450389E-1,-4.396521449E-3,3.000313224E-1
6.870547167E0,-1.511180726E-1,1.382053739E-1,2.927116156E-2,2.068675860E-1
6.880593167E0,-2.349707264E-2,6.824402332E-2,7.624944627E-2,1.049920816E-1
6.890640167E0,2.972223770E-2,4.761212289E-2,1.280464214E-1,1.398077669E-1
6.900686167E0,-4.537731707E-3,6.721608281E-2,7.740777969E-2,1.026185030E-1
6.910733167E0,8.102194369E-3,7.146817803E-2,1.286615485E-1,1.474012893E-1
6.920779167E0,7.714231610E-2,3.635623276E-2,1.018836397E-1,1.328645499E-1
6.930826167E0,1.338892516E-1,-4.618189394E-2,8.961384237E-2,1.675999397E-1
6.940872167E0,-7.047356665E-3,-1.868144470E-1,2.804815793E-1,3.370745009E-1
6.950919167E0,-1.712827805E-1,-1.994824398E-1,5.034382510E-1,5.679622410E-1
6.960965167E0,-2.673554572E-1,-1.062146723E-1,5.542102093E-1,6.244273002E-1
6.971012167E0,-2.535194832E-1,-4.407104909E-2,5.930099934E-1,6.464327019E-1
6.981058167E0,-1.701262012E-1,6.793529034E-2,6.363770378E-1,6.622188930E-1
6.991105167E0,-2.083015393E-1,2.076603556E-1,7.315129906E-1,7.884311067E-1
7.001151167E0,-1.066365489E-1,3.305249745E-1,9.202692980E-1,9.836227392E-1
7.011198167E0,-7.827053636E-2,2.739245117E-1,8.906239146E-1,9.350785380E-1
7.021244167E0,-7.135064900E-3,1.638553548E-1,8.372897065E-1,8.532019333E-1
7.031291167E0,-1.511782989E-1,1.626449811E-1,7.517946428E-1,7.839027063E-1
7.041337167E0,-4.361560947E-1,9.706553400E-2,8.666012138E-1,9.750136002E-1
7.051384167E0,-5.261994150E-1,2.374899262E-1,8.522129703E-1,1.029346509E0
7.061430167E0,-7.790724885E-1,2.249733764E-1,7.451340795E-1,1.101268250E0
7.071477167E0,-4.241374718E-1,2.415151495E-1,8.083454043E-1,9.442692704E-1
7.081523167E0,-2.594851415E-1,6.635829628E-2,4.137267601E-1,4.928547395E-1
7.091570167E0,-5.069804943E-1,4.775140357E-1,-8.427065670E-2,7.015343323E-1
7.101616167E0,-8.916503933E-1,8.475889921E-1,-1.009404838E-2,1.230263961E0
7.111663167E0,-7.202701836E-1,1.216413229E0,1.520925111E-1,1.421823622E0
7.121709167E0,-7.257300943E-1,3.833165610E-1,-8.503383529E-1,1.181816851E0
7.131756167E0,1.260957903E-1,6.794447047E-1,-6.414278626E-1,9.428546855E-1
7.141802167E0,4.415162373E-1,6.138114631E-1,-1.621450442E-1,7.732994991E-1
7.151849167E0,9.587445617E-2,-9.722165465E-2,-7.645117521E-2,1.564887973E-1
7.161895167E0,3.637514850E-1,-2.195307881E-1,1.472551095E-1,4.496587340E-1
7.171943167E0,3.742524996E-1,-3.923376453E-1,3.623712498E-1,6.521554141E-1
7.181989167E0,4.048799229E-1,-7.010402262E-1,3.029699707E-1,8.643934023E-1
7.192036167E0,1.111784614E0,-2.059155464E-2,8.619965315E-3,1.112008698E0
7.202083167E0,4.344399369E-1,-5.762752622E-1,1.588922381E-2,7.218612776E-1
7.212129167E0,-1.016889274E-1,-8.112871385E-1,8.780307662E-1,1.199777265E0
7.222176167E0,-6.208582351E-1,-8.903262913E-1,1.700910594E0,2.017732069E0
7.232222167E0,-4.197888610E-1,-2.241325468E-1,1.357901230E0,1.438872418E0
7.242269167E0,2.048031136E-1,8.807719409E-2,2.419495976E-1,3.290007831E-1
7.252315167E0,5.700473928E-1,4.633859932E-1,-4.076772308E-1,8.401674436E-1
7.262362167E0,7.253131147E-1,5.431677425E-1,-5.460322934E-1,1.057951595E0
7.272408167E0,1.006779950E0,8.598973811E-2,1.357401878E-1,1.019522193E0
7.282455167E0,1.529681901E0,-2.635556442E-1,4.716872853E-1,1.622306133E0
7.292501167E0,1.820356639E0,-7.006315058E-1,7.834871364E-1,2.102007348E0
7.302548167E0,1.384588799E0,-1.003264677E0,1.354964758E0,2.181640587E0
7.312594167E0,4.998264259E-1,-8.126881313E-1,1.858992409E0,2.089531342E0
7.322641167E0,-2.719034216E-1,-5.442179024E-1,2.052359245E0,2.140626793E0
7.332687167E0,-8.235013872E-1,-4.052699322E-1,2.478240613E0,2.642740015E0
7.342734167E0,-1.462569898E0,-7.861008418E-1,3.208911604E0,3.613056729E0
7.352780167E0,-1.301542842E0,-1.611496727E0,3.894240362E0,4.410900528E0
7.362827167E0,-7.220136040E-1,-2.171500357E0,4.194879048E0,4.778464991E0
7.372873167E0,-4.038901354E-1,-2.578332081E0,4.220870506E0,4.962526714E0
7.382920167E0,-2.602338409E-1,-2.713051345E0,3.363944095E0,4.329490631E0
7.392966167E0,4.159124494E-3,-2.795938550E0,2.708681720E0,3.892845532E0
7.403013167E0,-4.237155586E-2,-2.650011928E0,1.940679181E0,3.284903994E0
7.413059167E0,-1.879758868E-1,-2.110672358E0,1.338218333E0,2.506212489E0
7.423106167E0,-1.973235016E-1,-2.282964075E0,1.043837337E0,2.518026592E0
7.433152167E0,-3.240572231E-1,-2.355911014E0,7.239145339E-1,2.485836286E0
7.443199167E0,-2.874926832E-1,-1.851263559E0,2.389084607E-1,1.888625442E0
7.453245167E0,-2.341267540E-1,-1.948512111E0,8.475948393E-2,1.964357135E0
7.463292167E0,-4.701086833E-1,-2.522151448E0,2.721568984E-1,2.579984395E0
7.473338167E0,-5.745006323E-1,-3.121206878E0,6.791318786E-1,3.245489710E0
7.483385167E0,-4.253634502E-1,-3.571344250E0,6.381177539E-1,3.652756231E0
7.493431167E0,-3.450994518E-1,-3.562517878E0,2.778848308E-1,3.589964797E0
7.503478167E0,-7.204013074E-1,-3.338595831E0,-1.850175977E-2,3.415485687E0
7.513524167E0,-9.281229857E-1,-2.999667238E0,-3.366511023E-1,3.157966083E0
7.523571167E0,-1.047648698E0,-2.073606858E0,-1.087257883E0,2.565061968E0
7.533617167E0,-7.703221303E-1,2.481164221E0,-3.042046103E0,4.000452045E0
7.543664167E0,-5.420266584E-1,5.326415849E-1,-4.069739277E0,4.140081852E0
7.553710167E0,-7.228083868E-1,1.900118215E0,-4.137148026E0,4.609652371E0
7.563757167E0,-1.391467171E0,2.588942438E0,-4.473838597E0,5.352946444E0
7.573803167E0,-1.452562681E0,1.886994724E0,-3.469386351E0,4.208007733E0
7.583850167E0,-1.293376620E0,1.867898887E0,-2.272930838E0,3.213733643E0
7.593896167E0,-1.932216505E0,1.215159001E0,-1.703568154E0,2.848195302E0
7.603943167E0,-1.735821103E0,1.068277529E0,-1.776320673E0,2.703628472E0
7.613989167E0,-1.525512251E0,7.614478111E-2,-1.307848479E0,2.010833981E0
7.624036167E0,-1.428011684E0,1.857935232E-1,-1.116119155E0,1.821938136E0
7.634082167E0,-1.146826393E0,-7.853944981E-1,-7.774025238E-1,1.592611056E0
7.644129167E0,-6.162401041E-1,-1.679394595E0,-2.063596424E-1,1.800750503E0
7.654175167E0,-3.514594683E-1,-1.568071210E0,-1.883241981E-2,1.607086102E0